shipment_id,rx_id,shipped_date,delivered_date,carrier,delay_flag,return_flag
1,36,2024-08-17,2024-08-18,UPS,True,False
2,726,2024-02-23,2024-02-25,UPS,False,False
3,816,2024-03-17,2024-03-20,UPS,False,False
4,1096,2024-04-30,2024-05-03,FedEx,False,False
5,306,2024-04-19,2024-04-21,UPS,False,False
6,145,2024-01-26,2024-01-27,UPS,False,False
7,119,2024-08-16,2024-08-18,FedEx,True,False
8,158,2024-01-17,2024-01-20,FedEx,False,True
9,414,2024-07-11,2024-07-15,FedEx,False,False
10,70,2024-01-27,2024-01-31,UPS,True,False
11,984,2024-01-31,2024-02-02,FedEx,False,False
12,372,2024-03-19,2024-03-20,UPS,False,False
13,321,2024-09-04,2024-09-04,UPS,False,False
14,1024,2024-03-31,2024-03-31,FedEx,False,False
15,1103,2024-11-11,2024-11-14,FedEx,False,False
16,544,2024-01-08,2024-01-12,FedEx,False,False
17,855,2024-03-28,2024-03-30,FedEx,False,False
18,735,2024-12-06,2024-12-09,FedEx,True,False
19,38,2024-05-03,2024-05-03,UPS,False,False
20,100,2024-07-28,2024-07-29,UPS,False,False
21,398,2024-03-04,2024-03-05,UPS,False,False
22,486,2024-06-02,2024-06-03,FedEx,False,False
23,72,2024-06-10,2024-06-11,UPS,True,False
24,471,2024-04-20,2024-04-24,FedEx,False,False
25,824,2024-05-21,2024-05-23,FedEx,False,False
26,259,2024-01-16,2024-01-18,UPS,True,False
27,1189,2024-06-04,2024-06-06,UPS,False,False
28,822,2024-08-27,2024-08-28,FedEx,True,False
29,56,2024-10-03,2024-10-04,UPS,False,False
30,600,2024-06-05,2024-06-06,FedEx,False,False
31,37,2024-11-28,2024-11-30,UPS,False,False
32,785,2024-09-27,2024-09-29,UPS,False,False
33,880,2024-07-30,2024-08-01,UPS,False,False
34,964,2024-08-30,2024-09-03,UPS,False,False
35,1016,2024-11-28,2024-12-02,UPS,False,False
36,525,2024-02-24,2024-02-27,FedEx,False,False
37,258,2024-01-31,2024-02-01,UPS,False,False
38,697,2024-08-27,2024-08-30,UPS,True,True
39,445,2024-11-27,2024-11-30,UPS,False,False
40,327,2024-01-22,2024-01-24,FedEx,False,False
41,656,2024-11-27,2024-11-29,FedEx,True,False
42,283,2024-08-09,2024-08-10,FedEx,False,False
43,936,2024-10-07,2024-10-08,FedEx,False,False
44,513,2024-02-16,2024-02-18,FedEx,True,False
45,838,2024-08-13,2024-08-17,UPS,False,False
46,266,2024-01-22,2024-01-23,UPS,False,False
47,1011,2024-05-21,2024-05-22,UPS,False,False
48,603,2024-06-06,2024-06-09,FedEx,False,True
49,1067,2024-12-14,2024-12-17,FedEx,False,False
50,464,2024-10-06,2024-10-06,UPS,False,False
51,619,2024-06-21,2024-06-24,FedEx,False,False
52,399,2024-11-25,2024-11-26,FedEx,True,False
53,709,2024-09-26,2024-09-29,FedEx,True,False
54,564,2024-05-29,2024-05-29,UPS,False,False
55,339,2024-11-19,2024-11-22,UPS,False,False
56,227,2024-05-08,2024-05-11,FedEx,False,False
57,1185,2024-06-24,2024-06-26,FedEx,True,False
58,133,2024-10-18,2024-10-20,FedEx,False,False
59,763,2024-03-30,2024-04-01,FedEx,True,True
60,1138,2024-04-14,2024-04-15,UPS,False,False
61,199,2024-06-24,2024-06-27,FedEx,True,True
62,1041,2024-07-11,2024-07-13,UPS,True,False
63,530,2024-10-16,2024-10-20,UPS,False,False
64,77,2024-03-24,2024-03-28,UPS,False,False
65,201,2024-01-26,2024-01-29,FedEx,False,False
66,1003,2024-10-13,2024-10-17,UPS,False,False
67,649,2024-08-21,2024-08-23,UPS,False,False
68,6,2024-04-15,2024-04-17,FedEx,False,False
69,953,2024-08-03,2024-08-06,FedEx,True,False
70,1100,2024-10-31,2024-11-03,FedEx,False,False
71,546,2024-05-18,2024-05-18,UPS,False,False
72,315,2024-09-10,2024-09-12,FedEx,False,False
73,968,2024-05-14,2024-05-16,UPS,True,False
74,1097,2024-05-03,2024-05-05,UPS,False,False
75,978,2024-06-07,2024-06-09,FedEx,False,True
76,914,2024-02-20,2024-02-23,UPS,False,False
77,319,2024-09-27,2024-09-28,UPS,True,False
78,412,2024-11-07,2024-11-08,UPS,True,False
79,678,2024-02-29,2024-03-04,UPS,False,False
80,300,2024-01-18,2024-01-20,FedEx,False,False
81,422,2024-11-12,2024-11-13,UPS,False,False
82,532,2024-12-04,2024-12-04,FedEx,False,False
83,235,2024-06-01,2024-06-04,UPS,False,True
84,581,2024-11-01,2024-11-01,UPS,False,False
85,1015,2024-08-15,2024-08-17,FedEx,False,False
86,612,2024-10-21,2024-10-22,UPS,False,False
87,180,2024-08-19,2024-08-23,UPS,True,False
88,381,2024-02-17,2024-02-18,UPS,True,False
89,502,2024-05-06,2024-05-10,UPS,False,False
90,572,2024-01-19,2024-01-19,UPS,True,False
91,665,2024-05-10,2024-05-13,UPS,False,False
92,997,2024-05-05,2024-05-08,FedEx,True,False
93,768,2024-05-20,2024-05-22,FedEx,False,False
94,405,2024-07-06,2024-07-08,FedEx,False,True
95,666,2024-09-23,2024-09-27,UPS,False,False
96,758,2024-09-08,2024-09-11,UPS,True,False
97,222,2024-01-16,2024-01-20,UPS,False,False
98,87,2024-08-17,2024-08-19,FedEx,False,False
99,1061,2024-01-17,2024-01-20,UPS,False,False
100,589,2024-07-24,2024-07-27,FedEx,True,True
101,990,2024-02-18,2024-02-20,UPS,False,False
102,260,2024-05-13,2024-05-15,UPS,False,False
103,497,2024-01-09,2024-01-11,UPS,False,False
104,806,2024-04-18,2024-04-22,FedEx,False,False
105,164,2024-03-03,2024-03-04,UPS,True,False
106,308,2024-09-17,2024-09-19,FedEx,False,False
107,203,2024-08-06,2024-08-09,UPS,False,False
108,123,2024-05-28,2024-05-29,UPS,False,True
109,46,2024-09-20,2024-09-21,FedEx,False,False
110,26,2024-06-27,2024-07-01,UPS,True,False
111,851,2024-02-18,2024-02-20,UPS,False,False
112,1077,2024-03-04,2024-03-06,UPS,True,False
113,729,2024-11-01,2024-11-02,UPS,False,False
114,550,2024-03-22,2024-03-23,FedEx,False,False
115,841,2024-06-16,2024-06-18,FedEx,False,False
116,40,2024-11-29,2024-11-30,UPS,False,False
117,1065,2024-08-17,2024-08-18,UPS,False,False
118,732,2024-06-18,2024-06-20,FedEx,False,False
119,575,2024-06-21,2024-06-24,UPS,False,False
120,774,2024-01-29,2024-02-01,FedEx,True,False
121,264,2024-01-16,2024-01-18,UPS,True,False
122,271,2024-05-30,2024-06-03,FedEx,False,False
123,212,2024-02-28,2024-03-01,FedEx,False,False
124,562,2024-07-04,2024-07-05,FedEx,True,False
125,974,2024-08-17,2024-08-19,FedEx,False,False
126,1113,2024-05-12,2024-05-14,UPS,False,False
127,1146,2024-04-14,2024-04-18,UPS,False,False
128,576,2024-03-26,2024-03-29,FedEx,False,False
129,342,2024-08-28,2024-08-29,FedEx,False,False
130,644,2024-01-07,2024-01-10,FedEx,False,False
131,270,2024-05-11,2024-05-13,FedEx,False,False
132,472,2024-05-26,2024-05-27,UPS,True,False
133,335,2024-11-03,2024-11-03,FedEx,False,False
134,317,2024-09-04,2024-09-07,FedEx,False,False
135,136,2024-10-25,2024-10-27,FedEx,False,False
136,691,2024-09-17,2024-09-17,FedEx,False,False
137,586,2024-04-12,2024-04-12,FedEx,False,False
138,1127,2024-02-26,2024-02-27,FedEx,False,False
139,343,2024-04-03,2024-04-05,FedEx,False,False
140,1110,2024-07-20,2024-07-24,UPS,False,False
141,996,2024-07-19,2024-07-22,FedEx,False,False
142,811,2024-08-30,2024-09-02,FedEx,False,False
143,721,2024-04-13,2024-04-13,FedEx,False,True
144,183,2024-08-28,2024-08-29,UPS,False,False
145,223,2024-08-20,2024-08-24,UPS,False,False
146,634,2024-08-22,2024-08-23,UPS,False,False
147,708,2024-03-09,2024-03-11,FedEx,True,True
148,931,2024-09-27,2024-09-29,FedEx,False,False
149,1071,2024-02-03,2024-02-06,FedEx,False,False
150,371,2024-11-12,2024-11-15,UPS,True,False
151,1046,2024-02-03,2024-02-06,FedEx,False,False
152,715,2024-06-06,2024-06-07,UPS,False,False
153,476,2024-10-10,2024-10-13,UPS,False,False
154,895,2024-02-28,2024-03-02,UPS,True,False
155,296,2024-08-09,2024-08-11,UPS,False,False
156,16,2024-06-23,2024-06-23,UPS,False,False
157,352,2024-09-30,2024-10-02,FedEx,False,False
158,387,2024-12-11,2024-12-14,FedEx,False,False
159,907,2024-01-30,2024-01-31,UPS,False,False
160,888,2024-03-16,2024-03-17,FedEx,False,False
161,1130,2024-11-11,2024-11-14,FedEx,False,False
162,153,2024-06-22,2024-06-25,UPS,False,False
163,1012,2024-10-01,2024-10-02,UPS,False,False
164,463,2024-07-10,2024-07-10,FedEx,True,False
165,859,2024-08-14,2024-08-15,FedEx,False,False
166,221,2024-09-10,2024-09-13,FedEx,False,False
167,557,2024-02-17,2024-02-18,FedEx,False,False
168,1172,2024-11-29,2024-12-01,UPS,True,False
169,1166,2024-07-10,2024-07-11,FedEx,False,False
170,1160,2024-08-17,2024-08-18,UPS,True,False
171,345,2024-08-27,2024-08-30,UPS,True,False
172,958,2024-05-13,2024-05-16,FedEx,False,False
173,1199,2024-05-13,2024-05-15,FedEx,False,False
174,282,2024-04-06,2024-04-08,FedEx,False,False
175,1123,2024-05-01,2024-05-03,UPS,True,False
176,408,2024-09-14,2024-09-16,UPS,False,False
177,626,2024-08-09,2024-08-10,UPS,True,False
178,368,2024-09-23,2024-09-24,UPS,False,False
179,48,2024-05-30,2024-06-02,FedEx,False,False
180,651,2024-03-04,2024-03-05,UPS,False,False
181,549,2024-04-30,2024-04-30,UPS,False,False
182,604,2024-06-16,2024-06-19,FedEx,True,False
183,797,2024-09-26,2024-09-29,UPS,False,False
184,906,2024-08-08,2024-08-10,UPS,False,False
185,354,2024-11-11,2024-11-14,FedEx,False,False
186,574,2024-05-19,2024-05-21,UPS,False,False
187,302,2024-01-26,2024-01-30,UPS,True,False
188,804,2024-02-15,2024-02-16,UPS,False,False
189,131,2024-02-12,2024-02-13,UPS,False,False
190,1125,2024-04-29,2024-05-01,FedEx,False,False
191,1154,2024-02-15,2024-02-17,UPS,True,False
192,1021,2024-03-19,2024-03-23,FedEx,True,False
193,51,2024-04-17,2024-04-20,UPS,False,False
194,817,2024-09-26,2024-09-28,FedEx,False,False
195,1179,2024-01-26,2024-01-28,FedEx,False,False
196,24,2024-12-04,2024-12-07,FedEx,True,False
197,933,2024-06-26,2024-06-27,UPS,False,False
198,1035,2024-09-06,2024-09-07,UPS,False,False
199,1129,2024-02-12,2024-02-14,UPS,False,False
200,116,2024-08-03,2024-08-07,FedEx,False,False
201,349,2024-03-19,2024-03-20,UPS,False,False
202,396,2024-07-30,2024-07-31,UPS,False,True
203,33,2024-05-08,2024-05-10,UPS,False,False
204,552,2024-06-15,2024-06-18,UPS,True,False
205,1074,2024-04-03,2024-04-06,FedEx,False,False
206,147,2024-04-04,2024-04-06,FedEx,False,False
207,406,2024-09-04,2024-09-07,UPS,False,False
208,874,2024-01-22,2024-01-24,UPS,False,False
209,818,2024-01-19,2024-01-23,UPS,False,False
210,146,2024-11-11,2024-11-14,FedEx,False,False
211,834,2024-03-19,2024-03-20,UPS,False,True
212,934,2024-05-24,2024-05-25,FedEx,False,False
213,76,2024-07-31,2024-08-02,FedEx,True,False
214,159,2024-10-14,2024-10-16,UPS,True,False
215,672,2024-11-08,2024-11-12,UPS,False,False
216,862,2024-02-16,2024-02-18,UPS,True,False
217,53,2024-03-07,2024-03-11,FedEx,False,False
218,278,2024-07-05,2024-07-05,FedEx,False,False
219,916,2024-08-12,2024-08-13,UPS,False,True
220,903,2024-11-14,2024-11-14,FedEx,False,False
221,503,2024-08-12,2024-08-16,UPS,False,False
222,779,2024-09-25,2024-09-25,UPS,True,False
223,871,2024-02-23,2024-02-23,FedEx,False,False
224,515,2024-11-01,2024-11-02,FedEx,False,False
225,218,2024-06-10,2024-06-10,FedEx,False,False
226,61,2024-06-10,2024-06-12,FedEx,False,False
227,866,2024-01-23,2024-01-23,UPS,False,False
228,749,2024-11-14,2024-11-14,UPS,True,False
229,1026,2024-04-02,2024-04-03,UPS,False,False
230,356,2024-10-20,2024-10-22,FedEx,True,False
231,1192,2024-06-01,2024-06-04,UPS,False,False
232,728,2024-03-30,2024-04-02,FedEx,False,False
233,681,2024-05-30,2024-05-30,FedEx,False,True
234,453,2024-11-08,2024-11-08,FedEx,False,False
235,828,2024-09-16,2024-09-16,UPS,True,False
236,915,2024-05-01,2024-05-04,FedEx,False,False
237,407,2024-08-14,2024-08-14,FedEx,True,False
238,556,2024-10-29,2024-10-31,FedEx,True,False
239,1155,2024-04-08,2024-04-10,FedEx,False,False
240,418,2024-06-28,2024-07-02,FedEx,False,False
241,738,2024-03-18,2024-03-20,FedEx,False,False
242,658,2024-08-08,2024-08-08,FedEx,False,False
243,641,2024-02-21,2024-02-22,FedEx,False,False
244,369,2024-07-04,2024-07-04,FedEx,False,False
245,782,2024-06-13,2024-06-16,FedEx,True,False
246,242,2024-03-27,2024-03-30,FedEx,False,False
247,932,2024-06-04,2024-06-07,FedEx,False,False
248,570,2024-01-12,2024-01-13,UPS,False,False
249,113,2024-07-13,2024-07-14,UPS,False,False
250,1124,2024-09-25,2024-09-26,FedEx,False,False
251,650,2024-07-30,2024-07-31,FedEx,False,False
252,117,2024-06-26,2024-06-27,FedEx,False,False
253,187,2024-11-24,2024-11-26,UPS,False,False
254,121,2024-02-09,2024-02-11,UPS,False,False
255,62,2024-07-16,2024-07-17,UPS,False,False
256,943,2024-01-24,2024-01-27,FedEx,False,False
257,261,2024-10-30,2024-11-02,FedEx,False,False
258,104,2024-07-18,2024-07-18,FedEx,False,False
259,1010,2024-03-16,2024-03-18,FedEx,False,False
260,999,2024-01-27,2024-01-28,UPS,False,False
261,144,2024-04-17,2024-04-19,FedEx,False,False
262,795,2024-06-08,2024-06-12,UPS,False,False
263,96,2024-12-09,2024-12-12,UPS,False,False
264,420,2024-06-06,2024-06-06,FedEx,False,False
265,281,2024-11-03,2024-11-07,UPS,False,True
266,325,2024-08-28,2024-08-29,UPS,False,False
267,1108,2024-09-06,2024-09-09,UPS,True,False
268,1070,2024-09-14,2024-09-15,UPS,False,False
269,1175,2024-07-10,2024-07-12,FedEx,False,False
270,436,2024-05-01,2024-05-04,FedEx,False,False
271,1132,2024-11-21,2024-11-24,UPS,False,False
272,731,2024-08-09,2024-08-11,FedEx,False,False
273,524,2024-08-02,2024-08-03,UPS,True,False
274,599,2024-05-10,2024-05-13,FedEx,False,False
275,107,2024-07-15,2024-07-17,FedEx,False,False
276,434,2024-07-22,2024-07-23,FedEx,False,True
277,152,2024-01-19,2024-01-21,FedEx,True,False
278,659,2024-06-29,2024-07-01,FedEx,False,False
279,569,2024-01-31,2024-02-03,UPS,False,False
280,654,2024-03-08,2024-03-12,FedEx,False,False
281,109,2024-05-09,2024-05-13,UPS,False,False
282,645,2024-02-12,2024-02-14,UPS,False,False
283,937,2024-07-08,2024-07-09,FedEx,False,False
284,443,2024-09-01,2024-09-02,UPS,False,False
285,897,2024-06-05,2024-06-08,FedEx,False,False
286,813,2024-03-09,2024-03-13,UPS,True,False
287,1092,2024-05-03,2024-05-03,UPS,False,False
288,1059,2024-05-06,2024-05-07,FedEx,False,False
289,395,2024-02-19,2024-02-19,FedEx,False,False
290,1034,2024-03-20,2024-03-23,FedEx,False,False
291,858,2024-08-25,2024-08-28,FedEx,True,False
292,35,2024-11-06,2024-11-09,UPS,True,False
293,512,2024-10-04,2024-10-08,FedEx,False,False
294,429,2024-06-17,2024-06-20,UPS,False,False
295,446,2024-11-05,2024-11-08,UPS,False,False
296,137,2024-05-17,2024-05-19,UPS,False,False
297,630,2024-06-17,2024-06-20,UPS,False,False
298,711,2024-12-01,2024-12-04,UPS,True,False
299,910,2024-09-19,2024-09-21,UPS,True,False
300,1075,2024-06-15,2024-06-17,FedEx,False,False
301,969,2024-11-08,2024-11-12,UPS,False,False
302,404,2024-10-12,2024-10-13,UPS,False,True
303,1002,2024-04-20,2024-04-23,UPS,False,False
304,200,2024-02-11,2024-02-12,FedEx,False,False
305,835,2024-01-23,2024-01-24,FedEx,False,False
306,921,2024-02-26,2024-02-28,UPS,False,False
307,585,2024-01-29,2024-01-29,FedEx,False,False
308,1063,2024-01-21,2024-01-21,UPS,True,False
309,365,2024-09-26,2024-09-28,FedEx,True,False
310,582,2024-03-10,2024-03-13,UPS,False,False
311,854,2024-09-13,2024-09-16,FedEx,False,False
312,1062,2024-08-11,2024-08-12,FedEx,False,False
313,1188,2024-05-31,2024-06-03,FedEx,False,False
314,1053,2024-02-16,2024-02-19,UPS,False,False
315,542,2024-06-22,2024-06-22,UPS,True,False
316,736,2024-01-09,2024-01-11,UPS,False,False
317,845,2024-11-12,2024-11-13,FedEx,False,False
318,595,2024-03-05,2024-03-07,FedEx,False,False
319,1180,2024-07-27,2024-07-28,UPS,False,False
320,127,2024-08-23,2024-08-25,FedEx,False,False
321,25,2024-09-13,2024-09-17,UPS,False,True
322,710,2024-09-20,2024-09-24,UPS,False,False
323,360,2024-10-02,2024-10-05,UPS,False,False
324,78,2024-01-19,2024-01-22,UPS,False,False
325,1029,2024-01-25,2024-01-28,FedEx,False,False
326,93,2024-08-15,2024-08-18,FedEx,True,False
327,287,2024-03-13,2024-03-16,FedEx,True,True
328,696,2024-03-27,2024-03-28,UPS,False,False
329,279,2024-10-25,2024-10-28,FedEx,False,False
330,1022,2024-04-28,2024-04-29,UPS,False,False
331,318,2024-05-12,2024-05-15,UPS,False,False
332,663,2024-10-22,2024-10-22,UPS,False,False
333,178,2024-01-22,2024-01-23,UPS,False,False
334,163,2024-03-23,2024-03-25,UPS,False,False
335,392,2024-10-24,2024-10-27,UPS,False,False
336,353,2024-06-18,2024-06-22,FedEx,True,False
337,403,2024-01-22,2024-01-26,FedEx,True,False
338,676,2024-06-16,2024-06-18,FedEx,False,False
339,457,2024-07-23,2024-07-25,FedEx,False,False
340,65,2024-08-27,2024-08-28,UPS,True,False
341,341,2024-01-20,2024-01-20,UPS,True,False
342,522,2024-10-21,2024-10-24,FedEx,False,False
343,761,2024-04-30,2024-05-01,FedEx,False,False
344,1158,2024-08-10,2024-08-10,FedEx,False,False
345,377,2024-07-27,2024-07-30,FedEx,False,False
346,962,2024-02-18,2024-02-19,FedEx,False,False
347,590,2024-06-07,2024-06-11,FedEx,False,False
348,1157,2024-02-08,2024-02-10,FedEx,False,False
349,27,2024-04-12,2024-04-15,FedEx,False,False
350,639,2024-07-19,2024-07-20,UPS,False,False
351,1194,2024-06-24,2024-06-24,UPS,False,False
352,239,2024-05-09,2024-05-10,UPS,True,False
353,660,2024-09-25,2024-09-28,UPS,False,False
354,1193,2024-11-19,2024-11-21,FedEx,False,False
355,756,2024-12-13,2024-12-13,UPS,False,False
356,156,2024-10-21,2024-10-24,FedEx,False,False
357,58,2024-07-07,2024-07-10,UPS,False,False
358,1128,2024-09-14,2024-09-17,FedEx,True,False
359,478,2024-05-19,2024-05-21,FedEx,False,False
360,988,2024-04-08,2024-04-10,UPS,False,False
361,160,2024-10-11,2024-10-13,UPS,False,False
362,534,2024-01-30,2024-02-03,FedEx,False,False
363,620,2024-08-31,2024-09-02,FedEx,True,False
364,313,2024-09-26,2024-09-27,FedEx,False,False
365,713,2024-07-07,2024-07-08,UPS,True,False
366,683,2024-06-05,2024-06-07,UPS,False,False
367,204,2024-10-24,2024-10-24,FedEx,False,False
368,1196,2024-02-06,2024-02-08,UPS,True,False
369,389,2024-10-27,2024-10-28,FedEx,False,False
370,79,2024-10-27,2024-10-28,UPS,True,False
371,766,2024-01-28,2024-01-29,UPS,True,False
372,837,2024-09-11,2024-09-14,UPS,False,False
373,760,2024-05-22,2024-05-23,UPS,False,False
374,561,2024-06-22,2024-06-26,UPS,False,False
375,3,2024-04-02,2024-04-04,FedEx,False,False
376,882,2024-10-27,2024-10-27,FedEx,False,False
377,1090,2024-08-25,2024-08-26,UPS,False,False
378,379,2024-11-13,2024-11-14,FedEx,True,False
379,688,2024-04-23,2024-04-25,FedEx,True,False
380,950,2024-05-09,2024-05-12,UPS,False,False
381,814,2024-05-04,2024-05-08,FedEx,False,False
382,509,2024-11-04,2024-11-05,UPS,False,False
383,366,2024-05-25,2024-05-26,FedEx,False,False
384,1098,2024-09-18,2024-09-20,FedEx,False,False
385,628,2024-02-15,2024-02-18,FedEx,True,False
386,757,2024-11-16,2024-11-19,FedEx,True,False
387,1171,2024-02-29,2024-03-02,FedEx,False,True
388,899,2024-05-21,2024-05-24,FedEx,False,False
389,883,2024-09-29,2024-10-01,FedEx,False,False
390,370,2024-01-10,2024-01-10,UPS,True,False
391,677,2024-05-11,2024-05-12,UPS,False,False
392,592,2024-09-12,2024-09-15,UPS,False,False
393,624,2024-02-01,2024-02-03,UPS,True,False
394,143,2024-08-26,2024-08-28,FedEx,False,False
395,487,2024-11-20,2024-11-21,FedEx,False,False
396,88,2024-07-13,2024-07-14,FedEx,False,False
397,1104,2024-06-13,2024-06-17,UPS,True,False
398,417,2024-07-15,2024-07-18,UPS,False,False
399,831,2024-06-11,2024-06-11,UPS,False,False
400,540,2024-06-02,2024-06-06,FedEx,False,False
401,695,2024-06-03,2024-06-06,UPS,False,False
402,1044,2024-05-13,2024-05-17,FedEx,True,False
403,928,2024-05-06,2024-05-10,UPS,False,False
404,1173,2024-11-04,2024-11-07,FedEx,False,False
405,155,2024-11-18,2024-11-20,UPS,False,False
406,1150,2024-06-28,2024-06-30,FedEx,False,False
407,977,2024-03-29,2024-03-30,UPS,True,False
408,409,2024-11-02,2024-11-03,UPS,False,False
409,216,2024-04-05,2024-04-06,FedEx,False,False
410,1089,2024-07-01,2024-07-04,FedEx,False,False
411,1,2024-10-10,2024-10-11,UPS,False,False
412,253,2024-09-20,2024-09-23,FedEx,False,False
413,946,2024-07-12,2024-07-16,UPS,False,False
414,892,2024-12-11,2024-12-14,FedEx,False,True
415,1099,2024-09-14,2024-09-18,UPS,False,False
416,191,2024-03-08,2024-03-10,FedEx,False,False
417,441,2024-05-18,2024-05-18,UPS,False,False
418,468,2024-06-16,2024-06-19,UPS,True,False
419,355,2024-11-05,2024-11-05,UPS,False,False
420,573,2024-05-09,2024-05-12,FedEx,False,True
421,182,2024-10-14,2024-10-16,UPS,False,False
422,786,2024-05-13,2024-05-16,FedEx,False,False
423,865,2024-07-26,2024-07-29,FedEx,False,False
424,272,2024-03-05,2024-03-09,FedEx,False,False
425,995,2024-01-14,2024-01-14,UPS,False,False
426,800,2024-04-10,2024-04-13,FedEx,False,False
427,911,2024-01-12,2024-01-13,FedEx,False,False
428,1038,2024-11-14,2024-11-16,FedEx,False,True
429,698,2024-10-26,2024-10-30,UPS,False,False
430,1080,2024-08-10,2024-08-12,FedEx,False,False
431,181,2024-07-29,2024-07-31,FedEx,True,False
432,1023,2024-01-18,2024-01-21,FedEx,False,False
433,461,2024-06-28,2024-07-01,FedEx,False,False
434,451,2024-05-28,2024-06-01,UPS,True,False
435,526,2024-10-07,2024-10-09,UPS,True,False
436,39,2024-07-16,2024-07-17,FedEx,False,False
437,208,2024-07-04,2024-07-06,FedEx,False,False
438,810,2024-05-06,2024-05-10,FedEx,False,False
439,848,2024-05-06,2024-05-08,FedEx,False,False
440,622,2024-07-09,2024-07-10,UPS,True,False
441,455,2024-04-11,2024-04-12,UPS,False,False
442,42,2024-02-13,2024-02-13,UPS,False,False
443,724,2024-09-03,2024-09-05,UPS,False,False
444,891,2024-01-21,2024-01-25,FedEx,False,False
445,380,2024-05-11,2024-05-15,FedEx,False,False
446,186,2024-06-27,2024-06-27,UPS,True,False
447,1037,2024-03-22,2024-03-26,UPS,True,False
448,980,2024-02-04,2024-02-06,FedEx,True,False
449,84,2024-05-04,2024-05-05,FedEx,False,False
450,1161,2024-06-24,2024-06-27,FedEx,False,False
451,99,2024-10-07,2024-10-09,FedEx,False,False
452,776,2024-11-13,2024-11-16,FedEx,False,False
453,799,2024-09-22,2024-09-24,UPS,False,False
454,1050,2024-08-20,2024-08-22,UPS,False,False
455,256,2024-08-10,2024-08-14,FedEx,False,False
456,31,2024-10-13,2024-10-13,FedEx,True,False
457,922,2024-10-21,2024-10-24,UPS,False,False
458,501,2024-11-12,2024-11-12,FedEx,False,True
459,759,2024-02-02,2024-02-06,UPS,False,False
460,746,2024-02-08,2024-02-09,UPS,False,False
461,400,2024-06-17,2024-06-19,UPS,False,False
462,1121,2024-09-28,2024-10-02,UPS,False,False
463,122,2024-02-14,2024-02-15,FedEx,False,False
464,673,2024-11-11,2024-11-13,FedEx,False,False
465,115,2024-10-23,2024-10-23,UPS,False,False
466,1102,2024-04-29,2024-05-01,FedEx,False,False
467,439,2024-05-27,2024-05-30,FedEx,False,False
468,52,2024-03-02,2024-03-02,FedEx,False,False
469,10,2024-05-16,2024-05-19,FedEx,False,False
470,571,2024-10-08,2024-10-10,UPS,False,False
471,632,2024-02-13,2024-02-14,FedEx,False,False
472,783,2024-10-24,2024-10-26,UPS,False,False
473,1135,2024-07-14,2024-07-17,UPS,False,False
474,373,2024-10-20,2024-10-24,FedEx,True,False
475,171,2024-07-07,2024-07-10,UPS,True,False
476,91,2024-03-28,2024-03-31,FedEx,False,True
477,717,2024-11-20,2024-11-22,FedEx,False,False
478,584,2024-06-03,2024-06-05,UPS,False,False
479,608,2024-03-20,2024-03-22,FedEx,False,False
480,750,2024-10-31,2024-10-31,UPS,True,False
481,488,2024-04-10,2024-04-11,UPS,False,False
482,940,2024-10-20,2024-10-22,FedEx,False,False
483,473,2024-04-25,2024-04-27,FedEx,False,False
484,477,2024-11-30,2024-12-01,FedEx,False,False
485,1198,2024-03-21,2024-03-25,UPS,False,False
486,309,2024-04-30,2024-04-30,FedEx,True,False
487,290,2024-09-13,2024-09-15,UPS,False,False
488,336,2024-12-04,2024-12-07,UPS,False,False
489,393,2024-01-09,2024-01-11,FedEx,False,True
490,1087,2024-07-18,2024-07-21,FedEx,False,False
491,243,2024-08-21,2024-08-22,FedEx,False,False
492,982,2024-10-09,2024-10-11,UPS,False,False
493,872,2024-02-07,2024-02-10,FedEx,False,False
494,237,2024-11-13,2024-11-14,UPS,False,False
495,402,2024-07-31,2024-07-31,FedEx,False,False
496,334,2024-01-11,2024-01-12,FedEx,False,False
497,1032,2024-05-14,2024-05-16,UPS,False,False
498,985,2024-08-11,2024-08-13,UPS,False,False
499,312,2024-12-08,2024-12-10,FedEx,False,False
500,1076,2024-07-21,2024-07-25,FedEx,True,False
501,875,2024-09-06,2024-09-09,FedEx,True,False
502,640,2024-10-03,2024-10-04,FedEx,False,False
503,169,2024-04-02,2024-04-02,FedEx,False,False
504,706,2024-05-01,2024-05-01,UPS,False,False
505,1176,2024-04-25,2024-04-28,UPS,False,False
506,175,2024-02-02,2024-02-04,UPS,True,False
507,833,2024-11-11,2024-11-13,UPS,False,False
508,596,2024-05-02,2024-05-06,FedEx,False,False
509,533,2024-02-23,2024-02-25,UPS,False,False
510,333,2024-12-05,2024-12-06,UPS,True,False
511,1091,2024-07-12,2024-07-16,UPS,False,False
512,228,2024-06-17,2024-06-21,FedEx,False,False
513,963,2024-10-09,2024-10-12,UPS,False,False
514,450,2024-10-26,2024-10-28,FedEx,False,False
515,1144,2024-10-15,2024-10-15,UPS,False,False
516,494,2024-04-30,2024-05-03,FedEx,False,False
517,1137,2024-03-14,2024-03-15,UPS,False,False
518,625,2024-03-17,2024-03-19,FedEx,True,False
519,545,2024-03-21,2024-03-24,UPS,False,False
520,493,2024-10-08,2024-10-11,FedEx,False,False
521,646,2024-06-11,2024-06-13,FedEx,True,False
522,1052,2024-07-24,2024-07-25,UPS,True,False
523,1043,2024-05-04,2024-05-08,FedEx,False,False
524,20,2024-09-26,2024-09-29,FedEx,False,False
525,976,2024-09-25,2024-09-27,UPS,False,False
526,367,2024-10-05,2024-10-06,UPS,False,False
527,704,2024-11-01,2024-11-03,FedEx,True,False
528,139,2024-04-05,2024-04-06,UPS,True,False
529,588,2024-06-27,2024-06-30,UPS,False,False
530,245,2024-08-02,2024-08-05,UPS,True,False
531,983,2024-09-19,2024-09-21,FedEx,False,False
532,374,2024-05-03,2024-05-06,FedEx,False,False
533,593,2024-03-19,2024-03-20,FedEx,False,False
534,234,2024-05-11,2024-05-13,FedEx,False,False
535,578,2024-08-06,2024-08-07,FedEx,True,False
536,433,2024-10-18,2024-10-20,FedEx,False,False
537,430,2024-01-14,2024-01-16,FedEx,True,False
538,231,2024-06-25,2024-06-26,UPS,False,False
539,798,2024-03-24,2024-03-26,FedEx,False,False
540,215,2024-11-13,2024-11-16,FedEx,False,False
541,129,2024-01-07,2024-01-09,UPS,False,False
542,998,2024-01-25,2024-01-29,UPS,True,False
543,705,2024-06-04,2024-06-05,UPS,False,False
544,643,2024-05-23,2024-05-24,FedEx,False,False
545,176,2024-11-14,2024-11-18,UPS,False,False
546,376,2024-06-28,2024-07-01,FedEx,True,False
547,263,2024-01-21,2024-01-22,FedEx,False,False
548,322,2024-01-26,2024-01-30,FedEx,True,False
549,496,2024-09-28,2024-09-29,UPS,False,False
550,1197,2024-04-04,2024-04-08,UPS,False,False
551,901,2024-10-07,2024-10-09,FedEx,False,False
552,690,2024-01-19,2024-01-21,FedEx,False,False
553,444,2024-03-18,2024-03-20,FedEx,False,False
554,718,2024-09-20,2024-09-21,UPS,False,False
555,971,2024-05-24,2024-05-26,FedEx,True,False
556,973,2024-09-06,2024-09-09,UPS,False,True
557,935,2024-09-19,2024-09-22,FedEx,True,False
558,179,2024-06-10,2024-06-13,UPS,False,False
559,1036,2024-08-16,2024-08-18,FedEx,False,False
560,567,2024-08-14,2024-08-18,UPS,False,False
561,431,2024-03-29,2024-04-01,UPS,False,False
562,1170,2024-03-17,2024-03-20,UPS,False,False
563,762,2024-01-30,2024-02-01,UPS,False,False
564,148,2024-10-01,2024-10-05,UPS,True,False
565,110,2024-08-09,2024-08-13,UPS,False,False
566,621,2024-10-12,2024-10-14,FedEx,False,False
567,1009,2024-06-01,2024-06-04,FedEx,False,False
568,852,2024-02-28,2024-03-03,FedEx,False,False
569,305,2024-06-27,2024-06-28,FedEx,False,False
570,114,2024-07-01,2024-07-01,UPS,False,False
571,1088,2024-01-27,2024-01-31,FedEx,True,False
572,1072,2024-06-23,2024-06-23,UPS,False,False
573,647,2024-06-04,2024-06-06,UPS,False,False
574,836,2024-08-15,2024-08-18,UPS,False,False
575,789,2024-09-11,2024-09-13,FedEx,False,False
576,1095,2024-11-26,2024-11-28,UPS,False,False
577,565,2024-05-12,2024-05-13,FedEx,True,False
578,170,2024-01-29,2024-01-30,FedEx,False,False
579,669,2024-02-20,2024-02-23,FedEx,True,False
580,197,2024-11-21,2024-11-21,FedEx,False,False
581,346,2024-11-25,2024-11-25,FedEx,False,False
582,518,2024-12-03,2024-12-07,UPS,False,False
583,560,2024-11-09,2024-11-12,UPS,False,False
584,668,2024-11-05,2024-11-08,FedEx,True,False
585,68,2024-09-15,2024-09-15,UPS,False,False
586,801,2024-09-24,2024-09-26,FedEx,False,False
587,730,2024-06-22,2024-06-24,UPS,False,False
588,54,2024-11-01,2024-11-03,UPS,False,False
589,34,2024-02-21,2024-02-22,UPS,False,False
590,1149,2024-07-15,2024-07-16,UPS,False,False
591,95,2024-03-12,2024-03-14,UPS,True,False
592,224,2024-10-30,2024-11-02,UPS,False,False
593,1133,2024-03-01,2024-03-02,UPS,True,False
594,1191,2024-06-17,2024-06-20,UPS,False,False
595,149,2024-05-31,2024-06-02,UPS,False,False
596,517,2024-04-23,2024-04-27,UPS,True,False
597,416,2024-08-16,2024-08-18,UPS,True,False
598,832,2024-05-30,2024-05-30,UPS,False,False
599,456,2024-08-19,2024-08-23,UPS,False,False
600,529,2024-05-31,2024-06-03,FedEx,True,False
601,268,2024-10-29,2024-11-01,UPS,True,False
602,347,2024-05-28,2024-06-01,UPS,False,False
603,857,2024-08-17,2024-08-20,UPS,False,False
604,63,2024-01-11,2024-01-14,UPS,False,True
605,378,2024-06-20,2024-06-21,UPS,True,False
606,1048,2024-06-08,2024-06-08,UPS,False,False
607,591,2024-06-19,2024-06-21,FedEx,True,False
608,674,2024-07-30,2024-08-02,FedEx,True,False
609,138,2024-06-25,2024-06-27,FedEx,False,False
610,499,2024-10-19,2024-10-20,UPS,False,False
611,7,2024-10-08,2024-10-11,UPS,False,False
612,885,2024-07-27,2024-07-30,UPS,False,False
613,864,2024-04-28,2024-05-02,FedEx,False,False
614,1141,2024-09-01,2024-09-01,UPS,False,False
615,547,2024-04-04,2024-04-08,UPS,False,False
616,1139,2024-09-26,2024-09-27,FedEx,False,False
617,73,2024-02-11,2024-02-14,FedEx,False,False
618,240,2024-01-23,2024-01-26,UPS,False,False
619,1008,2024-07-18,2024-07-20,UPS,False,False
620,50,2024-06-25,2024-06-25,UPS,False,False
621,967,2024-06-04,2024-06-07,UPS,False,False
622,467,2024-03-28,2024-03-30,FedEx,False,False
623,391,2024-10-22,2024-10-22,UPS,False,False
624,41,2024-03-12,2024-03-14,UPS,False,False
625,168,2024-01-17,2024-01-18,FedEx,True,False
626,189,2024-05-11,2024-05-13,UPS,False,False
627,613,2024-09-25,2024-09-27,UPS,False,False
628,942,2024-01-23,2024-01-23,FedEx,False,False
629,807,2024-11-15,2024-11-17,FedEx,False,False
630,101,2024-09-01,2024-09-02,UPS,True,False
631,1082,2024-05-03,2024-05-05,FedEx,False,True
632,483,2024-03-09,2024-03-13,FedEx,False,False
633,49,2024-12-08,2024-12-11,UPS,False,False
634,1114,2024-03-22,2024-03-22,FedEx,False,False
635,363,2024-09-29,2024-10-01,UPS,False,True
636,1093,2024-07-06,2024-07-07,UPS,False,False
637,1120,2024-02-26,2024-02-29,UPS,False,False
638,1177,2024-03-28,2024-03-30,UPS,True,False
639,135,2024-03-19,2024-03-19,FedEx,False,False
640,428,2024-09-29,2024-09-29,UPS,False,True
641,1148,2024-11-04,2024-11-04,UPS,False,False
642,825,2024-07-12,2024-07-12,UPS,False,False
643,1094,2024-05-31,2024-06-04,UPS,False,False
644,543,2024-06-08,2024-06-11,FedEx,True,False
645,527,2024-11-26,2024-11-29,FedEx,True,True
646,629,2024-10-30,2024-11-01,FedEx,False,False
647,1047,2024-08-26,2024-08-27,UPS,False,False
648,770,2024-04-16,2024-04-20,FedEx,False,True
649,97,2024-08-13,2024-08-13,FedEx,False,False
650,554,2024-11-23,2024-11-23,UPS,False,False
651,440,2024-02-01,2024-02-03,FedEx,False,False
652,959,2024-02-10,2024-02-10,UPS,False,False
653,1069,2024-03-06,2024-03-08,FedEx,False,False
654,652,2024-03-11,2024-03-13,FedEx,True,False
655,193,2024-08-09,2024-08-12,FedEx,True,False
656,426,2024-01-16,2024-01-18,FedEx,True,False
657,277,2024-11-13,2024-11-13,UPS,True,False
658,1054,2024-09-21,2024-09-23,UPS,True,False
659,285,2024-02-15,2024-02-18,FedEx,False,False
660,1183,2024-03-24,2024-03-25,UPS,False,True
661,792,2024-04-17,2024-04-19,FedEx,False,False
662,827,2024-08-10,2024-08-12,FedEx,True,False
663,232,2024-04-07,2024-04-09,FedEx,False,False
664,69,2024-02-09,2024-02-11,FedEx,False,False
665,504,2024-06-16,2024-06-16,FedEx,True,False
666,1145,2024-11-17,2024-11-19,FedEx,False,False
667,173,2024-07-19,2024-07-22,UPS,True,False
668,1066,2024-08-23,2024-08-24,UPS,False,False
669,1165,2024-12-03,2024-12-06,FedEx,False,True
670,653,2024-11-08,2024-11-11,UPS,False,False
671,961,2024-05-14,2024-05-15,FedEx,False,False
672,196,2024-10-07,2024-10-09,UPS,False,False
673,981,2024-10-14,2024-10-14,UPS,False,False
674,863,2024-05-06,2024-05-07,UPS,False,False
675,192,2024-07-31,2024-07-31,FedEx,True,False
676,598,2024-06-23,2024-06-24,UPS,True,False
677,81,2024-01-16,2024-01-19,FedEx,False,False
678,734,2024-03-16,2024-03-17,FedEx,False,True
679,955,2024-10-17,2024-10-19,FedEx,False,False
680,889,2024-03-29,2024-03-30,UPS,True,False
681,32,2024-03-24,2024-03-25,UPS,False,False
682,241,2024-10-01,2024-10-02,UPS,False,False
683,505,2024-06-13,2024-06-15,FedEx,False,False
684,500,2024-11-27,2024-11-28,FedEx,False,False
685,893,2024-07-23,2024-07-26,UPS,False,False
686,495,2024-12-05,2024-12-07,FedEx,True,False
687,850,2024-07-24,2024-07-26,UPS,False,False
688,868,2024-05-14,2024-05-16,UPS,False,False
689,739,2024-06-26,2024-06-30,UPS,False,False
690,74,2024-03-31,2024-04-03,UPS,False,True
691,594,2024-07-08,2024-07-09,FedEx,False,False
692,773,2024-12-13,2024-12-14,UPS,False,False
693,1000,2024-02-08,2024-02-09,UPS,False,False
694,667,2024-06-03,2024-06-03,UPS,False,False
695,877,2024-08-28,2024-08-31,UPS,False,False
696,847,2024-07-15,2024-07-16,UPS,False,False
697,489,2024-11-16,2024-11-19,UPS,False,False
698,712,2024-11-23,2024-11-25,UPS,False,False
699,249,2024-11-26,2024-11-28,FedEx,False,False
700,329,2024-09-09,2024-09-10,FedEx,True,False
701,4,2024-12-08,2024-12-10,FedEx,False,False
702,458,2024-03-12,2024-03-14,FedEx,True,False
703,1116,2024-04-08,2024-04-11,UPS,False,False
704,846,2024-09-16,2024-09-16,FedEx,False,False
705,966,2024-05-31,2024-06-03,FedEx,False,False
706,693,2024-05-10,2024-05-11,FedEx,False,False
707,1122,2024-04-22,2024-04-22,UPS,False,False
708,462,2024-04-04,2024-04-08,FedEx,False,False
709,802,2024-09-20,2024-09-21,FedEx,True,False
710,927,2024-08-17,2024-08-18,UPS,True,False
711,437,2024-08-12,2024-08-12,FedEx,False,False
712,808,2024-08-21,2024-08-22,UPS,False,False
713,1042,2024-05-14,2024-05-16,FedEx,True,False
714,1162,2024-08-13,2024-08-13,UPS,True,False
715,120,2024-01-16,2024-01-17,FedEx,False,False
716,233,2024-06-26,2024-06-27,FedEx,False,False
717,124,2024-03-21,2024-03-24,FedEx,False,True
718,662,2024-08-04,2024-08-06,UPS,True,False
719,83,2024-06-18,2024-06-19,FedEx,True,False
720,636,2024-03-20,2024-03-23,UPS,False,False
721,210,2024-02-18,2024-02-22,UPS,False,False
722,1084,2024-02-06,2024-02-07,UPS,False,False
723,986,2024-10-12,2024-10-16,UPS,False,False
724,90,2024-11-26,2024-11-26,FedEx,False,False
725,686,2024-10-11,2024-10-11,FedEx,True,False
726,664,2024-10-14,2024-10-16,FedEx,False,False
727,427,2024-05-12,2024-05-12,UPS,False,False
728,424,2024-12-17,2024-12-19,FedEx,False,False
729,1184,2024-05-09,2024-05-09,UPS,False,False
730,719,2024-05-28,2024-05-29,UPS,False,False
731,1014,2024-04-21,2024-04-24,UPS,True,False
732,563,2024-02-27,2024-03-01,FedEx,False,False
733,1143,2024-05-16,2024-05-20,FedEx,False,False
734,118,2024-09-15,2024-09-15,UPS,False,False
735,364,2024-12-10,2024-12-11,FedEx,False,False
736,332,2024-01-27,2024-01-31,FedEx,False,False
737,821,2024-01-28,2024-02-01,UPS,False,False
738,609,2024-09-21,2024-09-21,UPS,False,False
739,606,2024-05-30,2024-05-31,FedEx,True,False
740,1181,2024-06-29,2024-07-01,UPS,False,False
741,411,2024-08-09,2024-08-12,UPS,True,False
742,295,2024-11-02,2024-11-04,FedEx,False,False
743,415,2024-02-14,2024-02-17,FedEx,False,False
744,701,2024-02-22,2024-02-26,UPS,False,False
745,350,2024-06-18,2024-06-21,FedEx,False,False
746,474,2024-01-27,2024-01-27,UPS,False,False
747,793,2024-06-08,2024-06-11,UPS,True,False
748,394,2024-05-02,2024-05-05,FedEx,False,True
749,960,2024-08-18,2024-08-21,UPS,True,False
750,80,2024-08-19,2024-08-22,UPS,False,False
751,917,2024-08-24,2024-08-25,UPS,False,False
752,220,2024-07-30,2024-08-02,FedEx,False,False
753,167,2024-11-14,2024-11-14,FedEx,False,False
754,742,2024-08-07,2024-08-09,FedEx,True,False
755,905,2024-05-22,2024-05-24,UPS,True,False
756,539,2024-05-26,2024-05-27,UPS,False,False
757,568,2024-08-16,2024-08-20,FedEx,False,False
758,255,2024-03-28,2024-03-29,FedEx,True,False
759,925,2024-04-19,2024-04-21,FedEx,False,True
760,275,2024-08-20,2024-08-21,UPS,False,False
761,577,2024-06-04,2024-06-05,FedEx,True,False
762,257,2024-11-23,2024-11-24,UPS,False,False
763,780,2024-05-13,2024-05-15,FedEx,True,False
764,490,2024-08-19,2024-08-20,UPS,False,False
765,30,2024-06-28,2024-06-28,UPS,False,False
766,725,2024-02-29,2024-03-01,FedEx,False,False
767,11,2024-02-04,2024-02-05,UPS,False,False
768,671,2024-10-23,2024-10-24,FedEx,True,False
769,839,2024-07-12,2024-07-15,UPS,False,False
770,1117,2024-11-26,2024-11-26,UPS,False,False
771,1153,2024-03-05,2024-03-09,FedEx,True,False
772,165,2024-06-03,2024-06-04,UPS,False,False
773,989,2024-04-05,2024-04-08,FedEx,False,False
774,413,2024-10-14,2024-10-17,FedEx,False,False
775,485,2024-07-23,2024-07-26,FedEx,False,False
776,45,2024-10-24,2024-10-27,UPS,False,False
777,920,2024-11-29,2024-12-02,UPS,False,False
778,948,2024-11-19,2024-11-20,UPS,False,False
779,902,2024-08-29,2024-08-30,FedEx,False,False
780,421,2024-05-19,2024-05-22,FedEx,False,True
781,769,2024-04-13,2024-04-16,UPS,False,False
782,206,2024-10-05,2024-10-08,UPS,False,False
783,425,2024-08-23,2024-08-25,FedEx,False,False
784,820,2024-04-16,2024-04-20,UPS,False,False
785,1168,2024-08-14,2024-08-17,FedEx,False,False
786,1136,2024-09-20,2024-09-24,UPS,False,False
787,536,2024-09-02,2024-09-02,FedEx,False,False
788,602,2024-10-28,2024-10-30,UPS,False,False
789,1152,2024-07-15,2024-07-15,UPS,False,False
790,929,2024-07-10,2024-07-14,FedEx,True,False
791,1159,2024-05-01,2024-05-01,FedEx,False,False
792,385,2024-04-19,2024-04-20,FedEx,False,False
793,219,2024-06-12,2024-06-12,UPS,False,False
794,292,2024-04-11,2024-04-14,FedEx,False,False
795,174,2024-07-06,2024-07-09,FedEx,True,False
796,17,2024-01-19,2024-01-23,UPS,False,False
797,238,2024-11-25,2024-11-28,FedEx,False,False
798,1058,2024-10-09,2024-10-10,FedEx,True,False
799,330,2024-04-12,2024-04-12,FedEx,False,False
800,748,2024-09-23,2024-09-24,UPS,False,False
801,1018,2024-11-07,2024-11-09,UPS,False,False
802,566,2024-10-14,2024-10-15,UPS,False,False
803,685,2024-09-03,2024-09-05,FedEx,False,False
804,692,2024-11-23,2024-11-26,UPS,False,False
805,787,2024-10-03,2024-10-04,FedEx,True,False
806,128,2024-10-18,2024-10-21,FedEx,False,False
807,684,2024-02-14,2024-02-17,FedEx,False,False
808,294,2024-12-06,2024-12-09,UPS,False,False
809,288,2024-05-24,2024-05-27,UPS,False,False
810,826,2024-03-06,2024-03-09,FedEx,False,False
811,720,2024-11-22,2024-11-24,FedEx,False,False
812,108,2024-02-02,2024-02-05,UPS,False,False
813,298,2024-02-06,2024-02-08,UPS,False,False
814,945,2024-10-11,2024-10-12,UPS,False,True
815,397,2024-09-11,2024-09-11,FedEx,False,False
816,14,2024-08-24,2024-08-24,UPS,False,False
817,211,2024-03-30,2024-03-31,UPS,False,False
818,480,2024-04-01,2024-04-01,UPS,False,False
819,1086,2024-05-06,2024-05-07,FedEx,False,False
820,5,2024-03-16,2024-03-18,UPS,False,False
821,1112,2024-03-28,2024-03-29,FedEx,False,False
822,1030,2024-08-08,2024-08-09,FedEx,False,False
823,1017,2024-01-14,2024-01-17,FedEx,False,False
824,970,2024-09-04,2024-09-05,UPS,False,False
825,1169,2024-07-27,2024-07-27,UPS,False,False
826,939,2024-10-21,2024-10-23,UPS,False,False
827,162,2024-01-30,2024-01-31,FedEx,False,False
828,853,2024-05-04,2024-05-07,UPS,False,False
829,362,2024-04-17,2024-04-19,FedEx,True,False
830,289,2024-08-04,2024-08-07,UPS,False,False
831,326,2024-10-13,2024-10-17,UPS,True,False
832,320,2024-05-17,2024-05-18,UPS,False,False
833,879,2024-10-25,2024-10-26,UPS,False,False
834,244,2024-02-17,2024-02-18,FedEx,False,False
835,47,2024-08-13,2024-08-15,FedEx,False,False
836,987,2024-02-25,2024-02-28,FedEx,False,False
837,700,2024-10-11,2024-10-13,FedEx,False,False
838,957,2024-05-07,2024-05-08,UPS,True,False
839,610,2024-09-20,2024-09-24,FedEx,False,False
840,184,2024-08-21,2024-08-23,FedEx,False,False
841,188,2024-08-09,2024-08-12,FedEx,True,True
842,254,2024-01-16,2024-01-18,UPS,False,False
843,217,2024-04-11,2024-04-14,FedEx,True,False
844,225,2024-08-25,2024-08-26,FedEx,False,False
845,161,2024-08-10,2024-08-13,UPS,True,False
846,205,2024-04-16,2024-04-20,UPS,True,False
847,508,2024-11-03,2024-11-04,FedEx,True,False
848,1027,2024-11-18,2024-11-20,FedEx,False,True
849,1119,2024-05-26,2024-05-29,UPS,False,False
850,809,2024-11-16,2024-11-19,FedEx,False,False
851,633,2024-08-31,2024-09-03,UPS,False,False
852,680,2024-05-26,2024-05-30,FedEx,False,False
853,105,2024-01-25,2024-01-29,FedEx,False,False
854,908,2024-03-03,2024-03-06,FedEx,False,False
855,727,2024-06-21,2024-06-21,FedEx,False,False
856,465,2024-03-22,2024-03-23,FedEx,False,False
857,900,2024-06-08,2024-06-09,UPS,False,False
858,506,2024-01-27,2024-01-27,UPS,False,False
859,951,2024-04-29,2024-04-30,FedEx,True,False
860,694,2024-10-22,2024-10-25,FedEx,False,False
861,262,2024-07-20,2024-07-24,FedEx,True,False
862,265,2024-04-07,2024-04-07,UPS,False,False
863,812,2024-07-06,2024-07-09,UPS,False,False
864,617,2024-02-15,2024-02-17,UPS,False,True
865,297,2024-06-19,2024-06-21,UPS,False,False
866,247,2024-12-01,2024-12-01,UPS,False,False
867,337,2024-02-21,2024-02-22,UPS,False,False
868,1105,2024-07-30,2024-08-01,UPS,False,False
869,531,2024-10-29,2024-11-01,UPS,False,False
870,670,2024-12-02,2024-12-04,FedEx,False,False
871,947,2024-06-11,2024-06-13,UPS,False,False
872,1107,2024-05-30,2024-06-01,UPS,False,False
873,401,2024-07-06,2024-07-08,UPS,False,False
874,269,2024-09-09,2024-09-11,UPS,False,False
875,1040,2024-04-20,2024-04-23,FedEx,False,False
876,1055,2024-07-19,2024-07-20,UPS,False,False
877,876,2024-11-19,2024-11-22,FedEx,True,False
878,938,2024-06-18,2024-06-22,FedEx,False,False
879,994,2024-07-04,2024-07-07,FedEx,True,False
880,28,2024-02-16,2024-02-18,UPS,False,False
881,941,2024-08-19,2024-08-22,UPS,False,False
882,887,2024-07-02,2024-07-02,UPS,False,False
883,635,2024-06-19,2024-06-22,FedEx,False,False
884,209,2024-04-10,2024-04-13,FedEx,True,False
885,130,2024-04-21,2024-04-22,FedEx,False,False
886,682,2024-01-15,2024-01-16,FedEx,False,False
887,331,2024-11-07,2024-11-10,UPS,False,False
888,348,2024-02-11,2024-02-12,UPS,False,False
889,965,2024-01-26,2024-01-28,UPS,False,False
890,410,2024-05-16,2024-05-18,FedEx,False,False
891,898,2024-01-21,2024-01-24,FedEx,False,False
892,975,2024-07-28,2024-07-30,UPS,True,False
893,869,2024-05-13,2024-05-14,UPS,True,False
894,21,2024-08-23,2024-08-25,FedEx,False,False
895,516,2024-02-04,2024-02-08,UPS,False,False
896,949,2024-12-03,2024-12-04,UPS,False,False
897,44,2024-09-04,2024-09-07,FedEx,False,False
898,442,2024-11-01,2024-11-02,FedEx,False,False
899,66,2024-02-19,2024-02-22,FedEx,True,False
900,1005,2024-08-31,2024-09-04,UPS,False,False
901,82,2024-03-01,2024-03-03,FedEx,False,False
902,286,2024-11-10,2024-11-13,UPS,True,False
903,844,2024-07-24,2024-07-26,UPS,False,False
904,141,2024-02-02,2024-02-04,FedEx,False,False
905,310,2024-08-22,2024-08-24,UPS,False,False
906,655,2024-09-17,2024-09-19,FedEx,False,False
907,1083,2024-03-20,2024-03-22,FedEx,False,False
908,280,2024-11-17,2024-11-17,UPS,False,False
909,57,2024-02-24,2024-02-26,UPS,False,False
910,1163,2024-10-05,2024-10-06,FedEx,False,False
911,452,2024-03-07,2024-03-08,FedEx,False,False
912,438,2024-04-29,2024-05-02,FedEx,False,False
913,520,2024-05-03,2024-05-03,FedEx,False,False
914,435,2024-11-12,2024-11-14,FedEx,True,False
915,993,2024-07-14,2024-07-15,FedEx,False,False
916,1078,2024-11-12,2024-11-13,UPS,False,False
917,103,2024-08-09,2024-08-13,UPS,False,False
918,648,2024-10-03,2024-10-04,UPS,True,False
919,829,2024-08-21,2024-08-23,UPS,False,False
920,284,2024-06-05,2024-06-05,FedEx,False,False
921,344,2024-05-17,2024-05-20,UPS,True,False
922,1186,2024-09-13,2024-09-16,UPS,True,False
923,475,2024-04-01,2024-04-04,FedEx,False,False
924,150,2024-09-25,2024-09-29,UPS,False,False
925,1064,2024-01-16,2024-01-18,FedEx,False,False
926,157,2024-10-16,2024-10-20,FedEx,False,False
927,1007,2024-05-20,2024-05-22,FedEx,False,False
928,252,2024-04-24,2024-04-25,FedEx,False,False
929,23,2024-02-13,2024-02-14,FedEx,False,False
930,803,2024-04-25,2024-04-26,UPS,False,False
931,559,2024-10-01,2024-10-02,UPS,True,False
932,357,2024-01-26,2024-01-29,UPS,False,False
933,273,2024-08-29,2024-08-31,FedEx,False,False
934,777,2024-06-13,2024-06-17,UPS,False,False
935,1006,2024-05-01,2024-05-01,UPS,False,False
936,896,2024-04-22,2024-04-25,UPS,True,False
937,511,2024-08-29,2024-09-02,UPS,False,False
938,894,2024-04-01,2024-04-05,FedEx,False,False
939,1178,2024-09-17,2024-09-19,UPS,False,False
940,291,2024-02-15,2024-02-17,FedEx,False,False
941,538,2024-10-30,2024-10-30,FedEx,True,False
942,1028,2024-03-06,2024-03-09,UPS,False,False
943,558,2024-04-07,2024-04-11,FedEx,False,False
944,952,2024-10-10,2024-10-10,FedEx,False,False
945,8,2024-04-28,2024-05-01,FedEx,False,False
946,132,2024-10-08,2024-10-09,FedEx,False,False
947,246,2024-09-28,2024-09-30,FedEx,False,False
948,548,2024-10-05,2024-10-06,FedEx,True,False
949,1167,2024-04-25,2024-04-28,FedEx,False,False
950,878,2024-10-05,2024-10-07,UPS,False,False
951,361,2024-03-23,2024-03-25,UPS,True,False
952,743,2024-10-06,2024-10-07,FedEx,False,False
953,764,2024-03-19,2024-03-20,FedEx,False,False
954,904,2024-08-29,2024-08-31,UPS,False,False
955,605,2024-01-26,2024-01-29,UPS,False,False
956,2,2024-05-14,2024-05-16,UPS,False,False
957,992,2024-07-04,2024-07-06,UPS,True,False
958,1174,2024-08-23,2024-08-23,FedEx,False,False
959,1051,2024-11-15,2024-11-15,FedEx,False,False
960,514,2024-11-26,2024-11-26,UPS,False,False
961,521,2024-05-18,2024-05-20,UPS,False,False
962,1187,2024-07-24,2024-07-25,UPS,True,False
963,358,2024-07-21,2024-07-23,UPS,False,False
964,744,2024-09-27,2024-09-28,FedEx,False,False
965,454,2024-03-19,2024-03-23,UPS,True,False
966,919,2024-09-28,2024-09-28,UPS,False,False
967,1151,2024-11-26,2024-11-28,UPS,False,False
968,386,2024-09-19,2024-09-22,FedEx,False,True
969,98,2024-02-10,2024-02-13,FedEx,False,False
970,12,2024-05-25,2024-05-26,FedEx,False,False
971,755,2024-04-21,2024-04-24,UPS,False,False
972,22,2024-05-09,2024-05-10,UPS,False,False
973,230,2024-07-19,2024-07-20,UPS,False,False
974,1001,2024-10-24,2024-10-27,FedEx,True,False
975,154,2024-06-19,2024-06-21,FedEx,True,True
976,142,2024-07-18,2024-07-19,UPS,True,False
977,248,2024-07-08,2024-07-10,UPS,True,False
978,102,2024-11-21,2024-11-25,FedEx,True,False
979,126,2024-01-28,2024-02-01,UPS,False,False
980,1019,2024-08-31,2024-09-01,UPS,False,False
981,459,2024-03-18,2024-03-21,UPS,True,False
982,1101,2024-11-11,2024-11-12,FedEx,False,False
983,601,2024-06-11,2024-06-14,UPS,False,True
984,1025,2024-08-30,2024-08-30,UPS,False,False
985,926,2024-06-24,2024-06-27,UPS,False,False
986,913,2024-05-22,2024-05-22,UPS,False,False
987,1039,2024-08-12,2024-08-14,FedEx,False,True
988,873,2024-04-20,2024-04-22,FedEx,False,False
989,1126,2024-07-23,2024-07-24,FedEx,False,False
990,1131,2024-03-23,2024-03-23,UPS,False,False
991,771,2024-05-25,2024-05-26,FedEx,False,False
992,1073,2024-06-13,2024-06-17,UPS,False,False
993,741,2024-05-23,2024-05-26,FedEx,False,False
994,607,2024-03-28,2024-03-31,UPS,False,False
995,194,2024-03-18,2024-03-21,FedEx,True,False
996,637,2024-05-20,2024-05-23,FedEx,True,False
997,276,2024-05-13,2024-05-13,FedEx,False,False
998,140,2024-01-26,2024-01-27,UPS,False,False
999,423,2024-11-15,2024-11-17,UPS,False,False
1000,954,2024-06-29,2024-06-30,UPS,False,False
